<?xml version="1.0" encoding="UTF-8"?>
<!--

    Copyright (c) 2010-2015, openHAB.org and others.

    All rights reserved. This program and the accompanying materials
    are made available under the terms of the Eclipse Public License v1.0
    which accompanies this distribution, and is available at
    http://www.eclipse.org/legal/epl-v10.html

-->
<scr:component xmlns:scr="http://www.osgi.org/xmlns/scr/v1.1.0" activate="activate" deactivate="deactivate" immediate="true" name="org.openhab.binding.customzigbee.binding">
   <implementation class="org.openhab.binding.customzigbee.internal.bus.CustomZigBeeBinding"/>
   
   <service>
      <provide interface="org.osgi.service.event.EventHandler"/>
      <provide interface="org.osgi.service.cm.ManagedService"/>
   </service>
   
   <property name="event.topics" type="String" value="openhab/command/*"/>
   <property name="service.pid" type="String" value="org.openhab.customzigbee"/>
   
   <reference bind="addBindingProvider" cardinality="1..n" interface="org.openhab.binding.customzigbee.CustomZigBeeBindingProvider" name="CustomZigBeeBindingProvider" policy="dynamic" unbind="removeBindingProvider"/>
   <reference bind="setEventPublisher" cardinality="1..1" interface="org.openhab.core.events.EventPublisher" name="EventPublisher" policy="dynamic" unbind="unsetEventPublisher"/>
   
</scr:component>
